# Old WordPress post redirects

## WordPress Post Migration
/2018/03/13/sending-a-variable-as-an-attachment-with-php-mailer/	/blog/sending-a-variable-as-an-attachment-with-php-mailer/  301
/2016/02/11/aside-from-work-what-do-you-do/	                        /blog/aside-from-work-what-do-you-do/                       301
/2016/04/24/my-reading-list/	                                    /blog/my-reading-list/                                      301
/2018/03/19/postcardware/	                                        /blog/postcardware/                                         301
/2017/11/24/life-as-a-web-developer/	                            /blog/article--life-as-a-web-developer/                     301
/2018/03/13/terminal-zip-folder-contents/	                        /blog/zipping-folder-contents/                              301
/2018/03/13/quick-save-qs-side-project/	                            /blog/quick-save-side-project/                              301
/2018/05/03/htaccess-redirects/                                     /blog/htaccess-redirects-scratchpad/                        301
/2018/01/31/source-code-images-with-carbon/	                        /blog/awesome-source-code-images-with-carbon/               301
/2018/03/20/social-links/	                                        /blog/social-links/                                         301
/2018/04/04/terminal-aliases/	                                    /blog/terminal-aliases/                                     301
/2018/04/29/maker-vs-manager-schedules-and-productivity/	        /blog/maker-vs-manager-schedules-and-productivity/          301
/2018/05/08/explain-shell/	                                        /blog/explain-shell/                                        301
/2018/05/29/long-live-the-wordpress-cli/	                        /blog/long-live-the-wordpress-cli/                          301
/2018/05/30/zxcvbn-a-sensible-password-strength-estimator/	        /blog/zxcvbn-a-sensible-password-strength-estimator/        301
/2018/06/04/feature-flags-wordpress-plugin/	                        /blog/feature-flags-wordpress-plugin/                       301
/2018/06/04/useful-git-commands/	                                /blog/useful-git-commands/                                  301
/2018/06/11/server-firewall-csf-files/	                            /blog/a-brief-look-at-server-firewalls-with-csf-files/      301
/2018/06/29/finding-files-by-size-with-the-command-line/	        /blog/finding-files-by-size-with-the-command-line/          301
/2018/07/23/autocomplete-branch-names-git/	                        /blog/autocomplete-branch-names-on-the-command-line/        301
/2018/07/02/fetch-domain-information-with-the-command-line/         /blog/fetch-domain-information-in-the-command-line/         301
/2018/10/01/run-selenium-standalone-in-a-docker-container/	        /blog/run-selenium-standalone-in-a-docker-container/        301
/2018/10/12/drupal-8-introduction/                      	        /blog/drupal-8-introduction/                                301
/2016/01/18/where-was-i-when-2015-turned-into-2016/                 /blog/where-was-i-when-2015-turned-into-2016/               301

# Blog => Post Migration in gatsby
/blog/essay-technology-and-control/                                 /posts/essay-technology-and-control/                        301
/blog/where-was-i-when-2015-turned-into-2016/                        /posts/where-was-i-when-2015-turned-into-2016/              301

